Patrick MIGNOLA,et SANDRA KADRI,Ensemble !,Savoie - 4ème,26.21%
François CHARRON,et Ludivine THOMAS,NUPES,Deux-Sevres - 1ère,28.43%
Guillaume Gouffier-Cha,et Chantal Cazals,Ensemble !,Val-De-Marne - 6ème,36.40%
Francesca PASQUINI,et Léopold Michallet,NUPES,Hauts-De-Seine - 2ème,27.41%
Grégory LEBERT,et Margaux PHILIPPE,NUPES,Finistere - 1ère,32.08%
Laetitia Copin,et Yannis Akouche,NUPES,Loire - 1ère,22.60%
Chloé Herzhaft,et Adem Ersoy,NUPES,Correze - 2ème,21.16%
Jean-Marc SOUBESTE,et Aline GUIBORDEAU,NUPES,Charente-Maritime - 1ère,23.39%
Guillaume Hédouin,et Amélie David,NUPES,Manche - 1ère,19.44%
Celline Gacon,et Yannis Massard,NUPES,Haute-Loire - 1ère,18.96%
Valérie HAREL,et Thomas Dupont-Federici,NUPES,Calvados - 5ème,23.19%
Caroline Abadie,et Régis Viallatte,Ensemble !,Isere - 8ème,23.18%
Vanessa Duhamel,et Khadidjatou Sow,Ensemble !,Nord - 1ère,21.07%
Fiona LAZAAR,et PHILIPPE METEZEAU,Ensemble !,Val-D'oise - 5ème,21.02%
Huguette Tiegna,et Chantal Lacassagne,Ensemble !,Lot - 2ème,23.70%
Agnes Firmin le bodo,et Agnes carel,Ensemble !,Seine-Maritime - 7ème,39.13%
Christophe Arend,et Lisa Bagur,Ensemble !,Moselle - 6ème,22.13%
Cécile rilhac,et Benjamin Khiat,Ensemble !,Val-D'oise - 3ème,28.37%
Laurence Maillart,et Sebastien Journet,Ensemble !,Ille-Et-Vilaine - 2ème,41.41%
jean-marc ZULESI,et Philippe Veran,Ensemble !,Bouches-Du-Rhone - 8ème,27.78%
Anne-France BRUNET,et Sébastien Alix,Ensemble !,Loire-Atlantique - 3ème,29.30%
Sabrina Sebaihi,et Jérôme Pellerin,NUPES,Hauts-De-Seine - 4ème,36.00%
Laetitia Saint-Paul,et Philippe Algoet,Ensemble !,Maine-Et-Loire - 4ème,38.63%
Natalia Pouzyreff,et Pierre-Henri Bovis,Ensemble !,Yvelines - 6ème,37.78%
Isabelle Florennes,et Vincent Thuillier,Ensemble !,Hauts-De-Seine - 4ème,36.96%
Jean-marie FIÉVET,et Caroline PINEAU,Ensemble !,Deux-Sevres - 3ème,34.27%
May Bouhada,et Jean-Philippe Gautrais,NUPES,Val-De-Marne - 6ème,36.26%
Julien Bayou,et Sylvie Scherer,NUPES,Paris - 5ème,48.88%
Marie-Pierre Rixain,et Igor Trickovski,Ensemble !,Essonne - 4ème,31.72%
Catherine HERVIEU,et David CAMUS,NUPES,Cote-D'or - 2ème,29.27%
Odile VIDAL-SAGNIER,et Dominique PLANCKE,NUPES,Nord - 9ème,27.22%
Gilles RENAULT,et Caroline Fesselier,NUPES,Ille-Et-Vilaine - 5ème,26.05%
Anna PIC,et Nadège Plaineau,NUPES,Manche - 4ème,31.61%
Juliette Woillez,et Axel Urbain,NUPES,Deux-Sevres - 3ème,22.36%
Hervé Prat,et Catherine Bugada,NUPES,Jura - 3ème,24.84%
Delphine Batho,et Olivier Cubaud,NUPES,Deux-Sevres - 2ème,36.38%
Jean-François Baudin,et Apolline Augey,NUPES,Rhone - 12ème,23.03%
Jean-Charles Larsonneur,et Taiseer Khalil,Divers droite,Finistere - 2ème,15.61%
Mounir BELHAMITI,et Laëtitia CALMONT,Ensemble !,Loire-Atlantique - 1ère,31.48%
Jean-Noël Barrot,et Anne Grignon,Ensemble !,Yvelines - 2ème,34.88%
Julia MIGNACCA,et Richard CORVAISIER,NUPES,Herault - 3ème,26.59%
Quentin Guillemain,et Dominique Chanfrau,NUPES,Eure-Et-Loir - 1ère,22.83%
Sarah Peillon,et Virginie Thollon-Bayeul,Ensemble !,Rhone - 3ème,28.27%
Tristan Lahais,et Soazig Rouillard,NUPES,Ille-Et-Vilaine - 2ème,39.51%
Pierre-Yves Bournazel,et Carmen Borissova-Ebrahim,Ensemble !,Paris - 18ème,35.57%
Maud Gatel,et Nicolas Mansier,Ensemble !,Paris - 11ème,37.30%
Sébastien Mas,et Marie-Albera Meynioglu,NUPES,Bas-Rhin - 3ème,30.82%
Yves BLEIN,et Pierre Obrecht,Ensemble !,Rhone - 14ème,25.47%
Hubert Julien-Laferrière,et Yasmine Bouagga,NUPES,Rhone - 2ème,34.82%
Jean-Michel MIS,et Joëlle Vidal,Ensemble !,Loire - 2ème,27.36%
Andrée TAURINYA,et Atmane DAHMANI,NUPES,Loire - 2ème,34.37%
Vincent BONY,et Ramona Gonzalez-Grail,NUPES,Loire - 3ème,23.66%
Julien Borowczyk,et Céline Bennici,Ensemble !,Loire - 6ème,26.43%
Michele Edery,et DALLE Warren,NUPES,Rhone - 10ème,22.56%
Damien ADAM,et Delphine MOTTET,Ensemble !,Seine-Maritime - 1ère,28.20%
Didier LE GAC,et ROUDAUT Anne-Thérèse,Ensemble !,Finistere - 3ème,41.37%
Wasil Echchenna,et Jacques Romain,Ensemble !,Seine-Maritime - 8ème,24.40%
Charles Fournier,et Marie Quinton,NUPES,Indre-Et-Loire - 1ère,39.60%
Jean-Paul Lecoq,et Nathalie Nail,NUPES,Seine-Maritime - 8ème,48.75%
Mickaël Bouloux,et Marie Ducamin,NUPES,Ille-Et-Vilaine - 8ème,45.72%
Julien LEGER,et Julie SCHWARZ,NUPES,Val-De-Marne - 5ème,31.58%
Frédéric Descrozaille,et Deborah Rozen-Wargon,Ensemble !,Val-De-Marne - 1ère,28.74%
Nordine Jouira,et Lucile Vidal,NUPES,Meurthe-Et-Moselle - 1ère,32.83%
Cécile FAURE,et Eugène REINBERGER,NUPES,Pyrenees-Atlantiques - 2ème,25.47%
FABRICE MATTEUCCI,et Valérie Declerck,NUPES,Rhone - 5ème,22.82%
Aurélie GRIES,et Julien PRISSETTE,NUPES,Rhone - 1ère,37.75%
JEANNE DROMARD,et Gérald Bonnin,Ensemble !,Seine-Saint-Denis - 1ère,18.89%
François Piquemal,et Victoria Scampa,NUPES,Haute-Garonne - 4ème,46.54%
julien colet,et emmanuelle chaize,NUPES,Herault - 1ère,26.94%
Véronique ROUDÉVITCH,et Patrick ALEXANDRE,NUPES,Maine-Et-Loire - 3ème,23.18%
Laurianne Rossi,et Raphaëlle Pignarre,Ensemble !,Hauts-De-Seine - 11ème,36.11%
Nathalie Cullell,et François Ferrand,NUPES,Pyrenees-Orientales - 3ème,27.29%
Éric Girardin,et Sylvie Rouillere,Ensemble !,Marne - 3ème,30.77%
Erik Pagès,et Mélodia Semichon-Husset,NUPES,Val-De-Marne - 8ème,28.16%
Victor Prandt,et Fatiha Didaoui,NUPES,Rhone - 13ème,21.67%
Barbara Pompili,et Ingrid Dordain Saint,Ensemble !,Somme - 2ème,29.84%
Marie-Claire Constans,et Thomas Pedoussaut,Ensemble !,Haute-Garonne - 4ème,23.59%
Jean-Philippe ARDOUIN,et Joelle MAILLET,Ensemble !,Charente-Maritime - 3ème,24.53%
Célia Pereira,et Olivier Riccelli,NUPES,Nord - 6ème,19.94%
erwan balanant,et Fabienne Le Calvez,Ensemble !,Finistere - 8ème,34.87%
Anne Le Gagne,et Bruno voyer,Ensemble !,Ille-Et-Vilaine - 7ème,28.37%
Marion Gorgiard,et Augustin Marigliano,NUPES,Cotes-D'armor - 1ère,27.49%
Jérome Guedj,et Hella Kribi-Romdhane,NUPES,Essonne - 6ème,38.31%
Caroline Janvier,et Éric Lepêcheur,Ensemble !,Loiret - 2ème,29.10%
Pierre CORDIER,et Isabelle COQUET,Divers droite,Ardennes - 2ème,40.98%
Aurore Bergé,et Philippe Emmanuel,Ensemble !,Yvelines - 10ème,33.43%
Lisa Belluco,et Stéphane Patrier,NUPES,Vienne - 1ère,32.56%
Mathieu Lefevre,et Sandrine Lalanne,Ensemble !,Val-De-Marne - 5ème,29.45%
Lucas TROTTMANN,et Bernadette SAMBOU SAIVET,NUPES,Bouches-Du-Rhone - 9ème,21.56%
Virginie DUBY-MULLER,et Jean-Paul BOSLAND,Les républicains,Haute-Savoie - 4ème,31.24%
Charlotte Parmentier - Lecocq,et Jean Moullière,Ensemble !,Nord - 6ème,33.60%
GUILLAUME KASBARIAN,et VERONIQUE DE MONTCHALIN,Ensemble !,Eure-Et-Loir - 1ère,31.32%
Léa Balage El Mariky,et Pierre Yvain Arnaud,NUPES,Paris - 3ème,38.66%
Eva Sas,et Sandrine Charnoz,NUPES,Paris - 8ème,41.70%
Hélène Le Cacheux,et Jean-Yves Salvat,NUPES,Bouches-Du-Rhone - 14ème,25.80%
Maxime DA SILVA,et Sylvie NICQ-CROIZAT,NUPES,Seine-Maritime - 1ère,33.05%
Anne Cécile VIOLLAND,et Christophe SONGEON,Ensemble !,Haute-Savoie - 5ème,28.06%
Julie Barbaux,et Jean-Cédric GRINDU,NUPES,Hauts-De-Seine - 6ème,15.47%
Christian Jolie,et Celine carle Faye,NUPES,Ain - 3ème,22.36%
Marie POCHON,et Christian Bussat,NUPES,Drome - 3ème,35.49%
Brice Gaillard,et Justine Larnac,NUPES,Hauts-De-Seine - 13ème,27.91%
Nicolas Thierry,et Florence Guéry,NUPES,Gironde - 2ème,45.12%
CECILE SOUBELET,et Eloïse Schollaert,NUPES,Hauts-De-Seine - 10ème,30.75%
Christine Arrighi,et Myriam Martin,NUPES,Haute-Garonne - 9ème,39.77%
Bernard PAEMELAERE,et VELLY MARIE,NUPES,Loire - 4ème,23.56%
Clémence Guetté,et Robin Albert,NUPES,Val-De-Marne - 2ème,47.46%
Cédric Briolais,et Catherine Lasserre,NUPES,Yvelines - 10ème,22.04%
Romain Grau,et Isabelle de Noëll-Marchesan,Reconquête,Pyrenees-Orientales - 1ère,24.54%
Marine Tondelier,et Cecile Yosbergue,NUPES,Pas-De-Calais - 11ème,23.43%
Aminata NIAKATÉ,et Emma AZMINE-AYOUT,NUPES,Paris - 13ème,30.55%
Benjamin Badouard,et Annie Celdran,NUPES,Rhone - 4ème,31.72%
Maïté CARRIVE-BEDOUANI,et Hugues ORSOLIN,NUPES,Yvelines - 2ème,22.66%
Marie-Charlotte Garin,et Boris Miachon-Debard,NUPES,Rhone - 3ème,43.68%
Cédric Villani,et Servane Charpentier,NUPES,Essonne - 5ème,38.20%
Noé Gauchard,et Dominique Rilhac,NUPES,Calvados - 6ème,24.53%
Jean-François COULOMME,et Sarah HAMOUDI-WILKOWSKY,NUPES,Savoie - 4ème,34.45%
Sandro Rato,et Jeanne Villain,NUPES,Hauts-De-Seine - 7ème,18.42%
Jean-Yves Lalanne,et Stéphanie Maza,NUPES,Pyrenees-Atlantiques - 1ère,31.78%
Christelle Petex-Levet,et Christophe Fournier,Les républicains,Haute-Savoie - 3ème,23.01%
Evelyne BOURGOIN,et Lila CHATELAIN-KHECHACHE,NUPES,Marne - 1ère,24.19%
Jean-François Coulomme,et Sarah Hamoudi-Wilkowsky,NUPES,Savoie - 4ème,34.45%
Damien GIRARD,et Florence GOURLAY,NUPES,Morbihan - 5ème,31.47%
Stéphane BUCHOU,et Orlane ROZO-LUCAS,Ensemble !,Vendee - 3ème,36.07%
STELLA DUPONT,et SEBASTIEN BOUSSION,Ensemble !,Maine-Et-Loire - 2ème,39.73%
Paul Vannier,et Laurence Conan,NUPES,Val-D'oise - 5ème,44.80%
Sandra Regol,et Lucas Leloup,NUPES,Bas-Rhin - 1ère,38.07%
Gabrielle Cathala,et Catherine David,NUPES,Val-D'oise - 6ème,29.84%
Cathy THOMAS,et Robin HUART,NUPES,Hauts-De-Seine - 12ème,29.72%
Élise Leboucher,et Florence Gibert,NUPES,Sarthe - 4ème,21.87%
Annaïg Le Meur,et Gwenola Bayes,Ensemble !,Finistere - 1ère,35.49%
Francesca PASQUINI,et Léopold Michallet,NUPES,Hauts-De-Seine - 2ème,27.41%
Sylvie Geoffroy-martin,et Sylvain Berthe,NUPES,Val-D'oise - 2ème,27.10%
Ségolène AMIOT,et Olivier Magré,NUPES,Loire-Atlantique - 3ème,42.87%
Victorien Lachas,et Juliette Espargilière,Ensemble !,Val-D'oise - 10ème,23.46%
david lorion,et Emma Hoareau,Les républicains,La Reunion - 4ème,32.48%
Hadrien Clouet,et Aline Combres,NUPES,Haute-Garonne - 1ère,39.79%
Baï-Audrey Achidi,et Fabien Leclère,Ensemble !,Hauts-De-Seine - 2ème,26.79%
Catherine Cestari,et Muriel Zago,NUPES,Gironde - 1ère,27.31%
Michel Larive,et Laetitia Sentenac,NUPES,Ariege - 2ème,29.05%
Ophelie Delneste,et Michael Godefroy,NUPES,Nord - 5ème,24.98%
Agathe Roby,et Aurélien Taravella,NUPES,Haute-Garonne - 3ème,31.60%
Nicolas Bonnet,et Elisabeth Crozet,NUPES,Puy-De-Dome - 3ème,30.08%
Julien Dive,et Marie-Laurence Maitre,Les républicains,Aisne - 2ème,35.91%
Béatrice Piron,et Marc Sévely,Ensemble !,Yvelines - 3ème,39.73%
Emilie Ducourant,et Pol Hovine,NUPES,Nord - 15ème,20.03%
Arnaud Saint-Martin,et Armelle Cuny,NUPES,Seine-Et-Marne - 1ère,27.68%
Karima Chouia,et DE VEYLDER BERNARD,NUPES,Nord - 7ème,26.41%
Octave Delepiere,et Nathalie Sedou,NUPES,Nord - 4ème,27.65%
Pierre Baudis,et Dalila Cousin,Ensemble !,Haute-Garonne - 1ère,28.05%
Odile Martin-Cocher,et Pierre Gilibert,NUPES,Haute-Savoie - 5ème,21.86%
Fabien Robert,et Frédérique Fabre Tabourin,Ensemble !,Gironde - 3ème,29.46%
Edwin LEGRIS,et Félicien Marguerettaz,NUPES,Yvelines - 12ème,24.10%
Guillaume JOUANNEAU,et Marie MEZIERE-FORTIN,NUPES,Maine-Et-Loire - 7ème,30.32%
ENZO GIUSTI,et Mireille DAMIANO,NUPES,Alpes-Maritimes - 3ème,21.95%
Renaud Le Berre,et Isabelle Dantas,NUPES,Français de l’étranger - 5ème,27.89%
Sylvie Espagnolle,et Franck De Figueiredo,NUPES,Haute-Garonne - 5ème,27.85%
Jean-michel Baudry,et Claudette HERVAULT,NUPES,Morbihan - 6ème,26.08%
Karol Kirchner,et Margot Balech,NUPES,Morbihan - 2ème,24.87%
Anthony Brondel,et Rachel Outhier,NUPES,Jura - 1ère,28.40%
Octave Delepiere,et Nathalie Sedou,NUPES,Nord - 4ème,27.65%
Marina Mesure,et Jimmy Bessaih,NUPES,Bouches-Du-Rhone - 10ème,21.67%
Sabine Lalande,et Olivier Lejemble,NUPES,Loire-Atlantique - 5ème,32.72%
Anne Brugnera,et Abdel Achache,Ensemble !,Rhone - 4ème,34.10%
Emilie Ducourant,et Pol Hovine,NUPES,Nord - 15ème,20.03%
Emmanuel Fernandes,et Marianne Berçot,NUPES,Bas-Rhin - 2ème,36.89%
Florence LOURY,et Claire LAROCHE-FONTAINE,NUPES,Yonne - 1ère,24.25%
Vincent Rolland,et Frédéric BURNIER FRAMBORET,Les républicains,Savoie - 2ème,30.80%
NADHERA BELETRECHE,et SAMI HEDJEM,NUPES,Essonne - 9ème,32.44%
Stéphane MAZARS,et Pauline CESTRIERES,Ensemble !,Aveyron - 1ère,42.46%
Hervé SAULIGNAC,et Alexandra DEVE COLLETTE,NUPES,Ardeche - 1ère,38.28%
Eric Woerth,et Véronique Ludmann,Ensemble !,Oise - 4ème,27.00%
Valérie Gomez-Bassac,et Philippe VALLOT,Ensemble !,Var - 6ème,24.20%
Emmanuel DUPLESSY,et Magali SAUTREUIL,NUPES,Loiret - 2ème,25.12%
Jean-Renaud FERRAN,et Gabrièle SIBIRIL,NUPES,Gironde - 7ème,34.51%
Berangere Abba,et Stéphane Martinelli,Ensemble !,Haute-Marne - 1ère,21.15%
Marie LEBEC,et Denis Bernaert,Ensemble !,Yvelines - 4ème,42.34%
Anne Stambach-Terrenoir,et Julien Cadieu,NUPES,Haute-Garonne - 2ème,37.25%
Céline Malaisé,et Léa Michaut,NUPES,Paris - 12ème,22.34%
Catherine COUTURIER,et Arnaud CHAPAL,NUPES,Creuse - 1ère,26.37%
JEAN-LUC BOURGEAUX,et GILLES LURTON,Les républicains,Ille-Et-Vilaine - 7ème,25.42%
Felicie GERARD,et Alexandre GARCIN,Ensemble !,Nord - 7ème,26.77%
Léon Thébault,et Alexandra Dubois,NUPES,Aveyron - 1ère,21.55%
Arnaud Bonnet,et Amandine Janiaud-Vergnaud,NUPES,Seine-Et-Marne - 8ème,32.46%
Bruno Cailleteau,et Léonie Ferry,NUPES,Loire-Atlantique - 10ème,29.99%
Jean-Luc Fugit,et Magali Bacle-Coulouvrat,Ensemble !,Rhone - 11ème,30.55%
Violette Spillebout,et Raphael Charpentier,Ensemble !,Nord - 9ème,31.92%
Mathilde Panot,et Farida Chikh,NUPES,Val-De-Marne - 10ème,54.84%
Thomas GASSILLOUD,et Fabienne Tirtiaux,Ensemble !,Rhone - 10ème,36.10%
Yannick MONNET,et Jean-Paul DUFRÈGNE,NUPES,Allier - 1ère,30.57%
Ghislaine Bonnet,et Nathalie Buchot,NUPES,Sarthe - 1ère,22.97%
Pierre-Yves Cadalen,et Marie Mesmeur,NUPES,Finistere - 2ème,31.91%
Élisabeth Borne,et Freddy Sertin,Ensemble !,Calvados - 6ème,34.32%
Carine Pelegrin,et Laurent Jallu,NUPES,Val-D'oise - 3ème,28.96%
Léo WALTER,et Alice ALLAMEL,NUPES,Alpes-De-Haute-Provence - 2ème,29.30%
Anaïs Brood,et Steve Peto,Ensemble !,Seine-Saint-Denis - 2ème,9.05%
Marianne MAXIMI,et Diego LANDIVAR,NUPES,Puy-De-Dome - 1ère,34.50%
Hervé FABRE-AUBRESPY,et Maximilien FUSONE,Rassemblement National,Bouches-Du-Rhone - 11ème,23.23%
Louise Brody,et Nicolas hue,NUPES,Yvelines - 3ème,17.71%
Maryse COMBRES,et Philippe Lapeyrère,NUPES,Lot-Et-Garonne - 1ère,26.21%
Mireille Clapot,et Anne-Laure Thibaut,Ensemble !,Drome - 1ère,20.45%
Fabien Jouvé,et Clémentine RENAUD,NUPES,Haute-Garonne - 6ème,29.39%
MARGUERITE DEPREZ-AUDEBERT,et JEAN-CLAUDE THOREZ,Ensemble !,Pas-De-Calais - 9ème,22.90%
sarah el haïry,et Luc geismar,Ensemble !,Loire-Atlantique - 5ème,37.45%
William MARTINET,et Catherine PERROTIN RAUFASTE,NUPES,Yvelines - 11ème,32.20%
Alexis Corbière,et Sayna Shahryari,NUPES,Seine-Saint-Denis - 7ème,62.94%
Laurent Saint-Martin,et Daniel Guérin,Ensemble !,Val-De-Marne - 3ème,25.52%
Anne Bois,et Robin Magisson-Javaux,Ensemble !,Meuse - 2ème,19.17%
Claudia ROUAUX,et Benoît SOHIER,NUPES,Ille-Et-Vilaine - 3ème,35.72%
Delphine Bagarry,et Carole Toussaint,NUPES,Alpes-De-Haute-Provence - 1ère,27.99%
Bastien Lachaud,et Aline Lo Tutala,NUPES,Seine-Saint-Denis - 6ème,56.61%
Valérie RABAULT (PS),et Morgan TELLIER,NUPES,Tarn-Et-Garonne - 1ère,33.33%
Arthur Delaporte,et Laurence Dumont,NUPES,Calvados - 2ème,42.01%
Leslie MORTREUX,et Maurice DEVLOO,NUPES,Nord - 10ème,23.08%
Émeline K/BIDI,et JEAN-BERNARD MARATCHIA,NUPES,La Reunion - 4ème,36.11%
Karim Benbrahim,et Anne-Sophie Judalet,NUPES,Loire-Atlantique - 1ère,36.97%
Christine PIRES BEAUNE,et Michaël Baré,NUPES,Puy-De-Dome - 2ème,41.84%
Sandrine Rousseau,et Wilfried Bétourné,NUPES,Paris - 9ème,42.90%
Andy Kerbrat,et Marina Ferreruela,NUPES,Loire-Atlantique - 2ème,46.62%
Nicolas HELARY,et Elisabeth BOUTET,NUPES,Vendee - 2ème,21.84%
LUCIE ETONNO,et TONY RAFFIN,NUPES,Vendee - 1ère,24.16%
Bruno Studer,et Hélène Hollederer,Ensemble !,Bas-Rhin - 3ème,34.75%
Farid faryssy,et Mathilde Caille,NUPES,Vaucluse - 1ère,30.55%
Aurélien Saintoul,et Claire Gabiache,NUPES,Hauts-De-Seine - 11ème,44.98%
Bertrand Pancher,et Fabienne Godey,Divers centre,Meuse - 1ère,30.19%
Célia de Lavergne,et Philippe Cahn,Ensemble !,Drome - 3ème,23.50%
Aurélie Piacenza,et Bruno Gaultier,Ensemble !,Yvelines - 11ème,25.38%
Amélie de Montchalin,et Pierre Ollier,Ensemble !,Essonne - 6ème,31.46%
Josy Poueyto,et Pascal Mora,Ensemble !,Pyrenees-Atlantiques - 1ère,31.57%
Rudy Elegeest,et Salanon,Ensemble !,Nord - 2ème,24.82%
Nathalie Krawezynski,et William Dezettre,NUPES,Savoie - 3ème,22.76%
Michel Rhin,et Camille Valabregue,NUPES,Aveyron - 3ème,27.90%
Emma Fourreau,et Aurélien Guidi,NUPES,Calvados - 1ère,35.81%
Fabrice Le Vigoureux,et Léonie Angot-Hastain,Ensemble !,Calvados - 1ère,30.25%
Jean-Pierre PONT,et Sandrine DERAM,Ensemble !,Pas-De-Calais - 5ème,24.93%
NADIA BELAOUNI,et MATTHIEU BRABANT,NUPES,Herault - 9ème,27.69%
Christian Jolie,et Céline CARLE-FAYE,NUPES,Ain - 3ème,22.36%
Blandine Brocard,et HUGO BOUCHERON,Ensemble !,Rhone - 5ème,36.12%
Jean Jacques GAULTIER,et Carole Thiebaut,Les républicains,Vosges - 4ème,21.50%
Elsa Bougeard,et Sylvain Le Guilloux,NUPES,Lot - 1ère,22.26%
thierry grossemy,et patricia gontier,NUPES,Lot - 2ème,23.73%
Thomas RUDIGOZ,et Laetitia Patriarca,Ensemble !,Rhone - 1ère,32.96%
Sereine Mauborgne,et Alain Parlanti,Ensemble !,Var - 4ème,28.00%
Tom Dubois-Robin,et Laurie Etchepare,NUPES,Pyrenees-Atlantiques - 6ème,19.55%
Fabienne Colboc,et Sylvia Pascaud-Gaurier,Ensemble !,Indre-Et-Loire - 4ème,30.00%
"Sébastie, Peytavie",et Chalard Emilie,NUPES,Dordogne - 4ème,26.09%
Sabine Thillaye,et Abel Pires,Ensemble !,Indre-Et-Loire - 5ème,29.15%
Loïc Prud'homme,et Marlène Tchikaya,NUPES,Gironde - 3ème,45.00%
Patricia MIRALLES,et Philippe SOREZ,Ensemble !,Herault - 1ère,24.83%
Eric Bothorel,et Katell LE GALL,Ensemble !,Cotes-D'armor - 5ème,31.00%
Olivier FALORNI,et Sabine GERVAIS,Divers gauche,Charente-Maritime - 1ère,29.02%
Yolande Bouin,et Alexis Lapert,NUPES,Finistere - 7ème,29.99%
Sarah Tanzilli,et Jean-Pierre Jourdain,Ensemble !,Rhone - 13ème,28.44%
David Valence,et Charline Prince,Ensemble !,Vosges - 2ème,30.10%
Zahia HAMDANE,et Laure VINCENT,NUPES,Somme - 2ème,30.00%
Roxana Maracineanu,et Yacine Ladjici,Ensemble !,Val-De-Marne - 7ème,24.00%
Stéphane VIRY,et Cédric HAXAIRE,Les républicains,Vosges - 1ère,37.20%
Alice Assier,et Bernard Neveu,NUPES,Haute-Garonne - 10ème,33.16%
Pierre Smolarz,et Emmanuelle Vacher,NUPES,Finistere - 3ème,29.00%
Nordine Raymond,et Anne Jay,NUPES,Charente-Maritime - 2ème,27.00%
Bertrand BOUYX,et David LEMARESQUIER,Ensemble !,Calvados - 5ème,27.85%
Valérie Soumaille,et Aladin Lévêque,NUPES,Vienne - 2ème,34.40%
Philippe BRUN,et Lisa Moreau,NUPES,Eure - 4ème,27.78%
Eric Deligny,et Nathalie Colomban,NUPES,Bouches-Du-Rhone - 8ème,19.41%
David YTIER,et Sylvie Miceli-Houdais,Les républicains,Bouches-Du-Rhone - 8ème,14.93%
Quentin Dogon,et CÉCILE CASEY,NUPES,Isere - 8ème,22.88%
Fatima Bellaredj,et Jacqueline Markovic,Divers gauche,Herault - 2ème,11.94%
Beatrice Pierrat,et Gilles Bilot,NUPES,Vosges - 3ème,17.68%
Luc Blanchard,et Marie Liégeois,NUPES,Oise - 5ème,21.33%
elodie heren,et Claude RÉMY,NUPES,Somme - 4ème,19.32%
Julien Duruisseau,et Esteban Evrard,NUPES,Ardennes - 1ère,18.48%
Arnaud Delcasse,et Claire Petit,Divers gauche,Alpes-Maritimes - 7ème,2.09%
Benoit Potterie,et Véronique Diers,Ensemble !,Pas-De-Calais - 8ème,21.36%
Noé Petit,et Emma Gillion,NUPES,Loir-Et-Cher - 3ème,19.30%
Johann Lucas,et Brahim Belmhand,Divers gauche,Oise - 3ème,2.97%
Pierrick COURBON,et Régis JUANICO,Divers gauche,Loire - 1ère,21.92%
Guillaume Marechal,et Franciane Baelden,Les républicains,Ardennes - 1ère,19.65%
TONY RENAULT,et CELINE MOUSSY,Divers centre,Val-De-Marne - 6ème,2.17%
Jean-Pierre MOUSSALLY,et Brigitte ROTAR,NUPES,Pas-De-Calais - 7ème,19.28%
Axelle Latrasse,et Sylvain Leclerc,Sans étiquette,Oise - 1ère,2.41%
Charles-henri Le billan,et Karine mazot,Divers gauche,Correze - 2ème,5.12%
Benoit maclin,et adeline kargue,Ensemble !,Drome - 2ème,20.07%
Xavier TROSSET,et Audrey Dumargne,Ensemble !,Savoie - 3ème,15.78%
Pedro Guanaes Netto,et Kenza Aghouchy,Divers gauche,Val-De-Marne - 11ème,0.21%
Richard Vacquer,et Aymeric Saint-Etienne,Divers gauche,Seine-Maritime - 1ère,0.35%
Florian Picod,et Lalie Deiber,Divers gauche,Français de l’étranger - 8ème,0.41%
Éric Schmitt,et Élise Benezech,Divers gauche,Haute-Garonne - 10ème,0.46%
Samir Lassoued,et Dalinda GORI,Divers gauche,Val-D'oise - 6ème,5.89%
Patrick Chabert,et Evelyne Delbos,Divers centre,Seine-Maritime - 3ème,3.64%
Arnaud Rennesson,et Vincenza Rennesson,Sans étiquette,Ardennes - 1ère,2.87%
Nicolas Bailly,et Nathalie Germano,Reconquête,Haute-Savoie - 4ème,4.04%
Mikaël Cabon,et Nadine Guillemot,Divers centre,Finistere - 2ème,3.82%
Vincent Defaud,et Gladys Céleste,NUPES,La Reunion - 2ème,4.51%
Bernadette Humeau,et Cyrille Guillot,Divers centre,Maine-Et-Loire - 6ème,12.24%
Diane Lagrange,et Stéphane Marec,Divers gauche,Yvelines - 5ème,0.83%
Yann CHAILLOU,et Caroline VOIGT,Divers gauche,Loiret - 2ème,4.18%
Luc Alonso,et Nicolas Boissel,Divers centre,Val-De-Marne - 6ème,1.33%
Christine de Cintré,et Vincent Duchaussoy,Divers gauche,Seine-Maritime - 1ère,11.12%
Aïcha FRITSCH,et Flavien ANCELY-FREY,NUPES,Haut-Rhin - 1ère,14.74%
Maël Egron,et Thierry Salaün,Sans étiquette,Ille-Et-Vilaine - 2ème,0.69%
Gautier ROULEAU,et Yannick JACQUEMIN,Union pour la France,Ille-Et-Vilaine - 1ère,0.95%
Peio DUFAU,et Françoise GALLOIS,Divers gauche,Pyrenees-Atlantiques - 6ème,14.55%
Valerie Ferrarini,et Harmand Jean- Claude,Ensemble !,Haute-Savoie - 3ème,22.90%
Jacques Forestier,et Anne Sophie Lefebvre,Les républicains,Seine-Maritime - 7ème,4.16%
Élodie Perrichon,et Alain Cabezas,Divers centre,Rhone - 9ème,2.88%
Céline FANFAN,et Laure-Isabelle ALTUN,Divers centre,Bouches-Du-Rhone - 11ème,1.27%
Pierre Leviaux,et Myriam Martin,Divers gauche,Isere - 10ème,0.71%
Antonin van der Straeten,et Nawaël Chassé,Divers gauche,Moselle - 4ème,0.46%
Ladislas Vergne,et Helene Charrier,Les républicains,Eure-Et-Loir - 1ère,8.81%
Stéphane SALORD,et Rosy INAUDI,NUPES,Bouches-Du-Rhone - 11ème,22.47%
Eric Laqua,et Thibault de Boisfossé,Reconquête,Eure-Et-Loir - 3ème,3.44%
GIOVANNI PAYET,et Audrey CORIDON,Divers gauche,La Reunion - 1ère,4.19%
Robert Baud,et Brigitte Passicos,Divers Ecologistes,Haute-Garonne - 9ème,3.26%
Chrystelle Garel,et Michel Clerc,NUPES,Haut-Rhin - 4ème,15.31%
Mylene Dune,et Pierre NAVARRO,NUPES,Rhone - 9ème,20.24%
Audrey Capelli,et Patricia Fourrichon,Sans étiquette,Haute-Savoie - 5ème,1.52%
Christophe Jaubert,et Amina Bouatlaoui,Divers Ecologistes,Val-De-Marne - 9ème,3.58%
Nicolas Flament,et Audrey Guilbaud,Les républicains,Val-D'oise - 6ème,12.29%
Annabelle Fauvernier,et Robin Pelluchi,Divers gauche,Haute-Garonne - 8ème,17.53%
fabrice Barusseau,et Cyril CHAPPET,Divers gauche,Charente-Maritime - 3ème,9.85%
Cyril GRANDIN,et Patricia BOULAN,NUPES,Nord - 17ème,22.91%
Roger Rossin,et Ronan Proto,Les républicains,Vaucluse - 4ème,7.67%
Jeremy Martin,et Isabelle Kljajic,Les républicains,Essonne - 4ème,10.26%
Jean Valiere vialeix,et Geraldine BELEZY,Divers droite,Haute-Vienne - 1ère,8.84%
LONG Cedric,et ARTHUR PATOU,Sans étiquette,Bouches-Du-Rhone - 14ème,0.61%
Vincent Baladi,et Jeanne d’Hauteserre,Les républicains,Paris - 1ère,9.52%
Pascal Lebecq,et Alexandra Viandier,NUPES,Pas-De-Calais - 6ème,15.98%
luc FOUTRY,et carine GAU,Les républicains,Nord - 6ème,14.17%
Julien Argento,et Roger Castel,Les républicains,Var - 2ème,6.29%
Florence Chabirand,et Thierry Jay,NUPES,Loiret - 5ème,18.87%
Michèle LECLERC,et Valentin PICHON,NUPES,Haute-Marne - 1ère,16.20%
Sabine Oromi,et Elian Cellier,NUPES,Gard - 3ème,20.66%
Martine Madelaine,et Pascal Daunit,Ensemble !,Charente-Maritime - 1ère,22.99%
Nancy BÉLART,et Jérémy Lecarpentier,NUPES,Pas-De-Calais - 5ème,18.03%
Jérôme Loriau,et Chantal Rolgen,Les républicains,Paris - 12ème,17.56%
Jean-Loup KASTLER,et Myriam Manni,Divers Ecologistes,Ain - 3ème,4.93%
Didier QUENTIN,et Christophe Sueur,Les républicains,Charente-Maritime - 5ème,17.59%
Aina Kuric,et Franck Jacquet,Divers centre,Marne - 2ème,12.51%
Chantal Berthélémy,et Cédric Lattuada,NUPES,Marne - 3ème,17.88%
Marc Coatanéa,et Corinne Tarditi,Ensemble !,Finistere - 2ème,13.57%
Guillaume CHICHE,et Corine MICOU,Sans étiquette,Deux-Sevres - 1ère,17.33%
Hervé LIBERMAN,et Sandy SOULAINE,Union des démocrates et des indépendants,Bouches-Du-Rhone - 11ème,10.56%
David Berrué,et Lola Beuze,NUPES,Pyrenees-Orientales - 2ème,20.28%
Anne Laure CHAINTRON,et Robert INJEY,NUPES,Alpes-Maritimes - 1ère,20.42%
Alain Blanchard,et Denise Renaud,Divers droite,Vendee - 3ème,15.83%
Fortuné PELLICANO,et Carole CLEUZIOU,Parti radical de gauche,Finistere - 2ème,1.34%
Sophie Reynal,et Christophe Korell,Divers centre,Oise - 4ème,5.79%
Arnaud Abel,et Maëva Chazal,Divers centre,Paris - 5ème,1.73%
Laurent MARTIN SAINT LÉON,et Agnès Delseny,Divers centre,Hauts-De-Seine - 2ème,1.17%
Adama TRAORE,et Nadia Lounis-Dahan,Divers Ecologistes,Hauts-De-Seine - 6ème,4.14%
Dominique LECUONA,et Michel BARIS,Divers Ecologistes,Landes - 2ème,0.91%
Pascal BOURGOIS,et Laurine JANICOT,NUPES,Gironde - 10ème,23.40%
Damien LACROIX,et Françoise LECLERC,NUPES,Nord - 13ème,24.15%
Tristan Martin,et Valmont Lefebvre,Divers gauche,Haute-Garonne - 6ème,0.33%
Delphine Lanoix,et Corinne Jisseaux,Droite souverainiste,Haute-Garonne - 6ème,1.16%
Réza Salami,et Sylvie Gestin,Divers gauche,Finistere - 2ème,9.94%
Christelle HELMAN,et Sami MECABIH,Divers gauche,Haute-Garonne - 6ème,4.43%
Marie-Paule OLIVE,et Lionel Jamon,NUPES,Loire - 6ème,18.99%
François-Xavier DUGOURD,et CATHERINE RENOSI,Les républicains,Cote-D'or - 1ère,14.80%
Joachim Le Floch-Imad,et Catherine Cailleau,Ensemble !,Sarthe - 4ème,19.09%
Arthur COTTREL,et Sylvie KERN,Reconquête,Haute-Garonne - 4ème,4.13%
ghislain descazeaux,et Liliane Morvan,Divers gauche,Tarn-Et-Garonne - 1ère,7.98%
Julien Midali,et Bérengère bombal,Parti radical de gauche,Haute-Garonne - 7ème,2.61%
Barbara Bertozzi Bievelot,et Marie-Neige Houchard,NUPES,Meurthe-Et-Moselle - 4ème,19.18%
Gwenvael Duret,et Céline Bruneau Biguet,Divers Ecologistes,Loire-Atlantique - 3ème,2.73%
Pierre-Yves JOURDAIN,et Martine Seguela,NUPES,Eure - 5ème,20.85%
Paul Bazin,et Anicha Ramchurn,Les républicains,Val-De-Marne - 5ème,20.11%
Philippine Heyman,et Daniel Cordiez-Plouy,NUPES,Nord - 14ème,17.03%
Isabelle Payet,et Ibrahim Moullan,Sans étiquette,La Reunion - 4ème,0.43%
Christophe Mandereau,et Myriam Petit,Divers Ecologistes,Hauts-De-Seine - 7ème,3.76%
Muriel CABARET,et Christophe COUNIL,Divers gauche,Sarthe - 2ème,6.70%
Benjamin Duprat,et Damien Gendrejeski,Union pour la France,Loire-Atlantique - 3ème,1.25%
Sylvie TOLMONT,et Romuald MARTIN,Divers gauche,Sarthe - 4ème,15.47%
Richard Riani,et Magdala Saminadin,Divers centre,La Reunion - 4ème,1.44%
Stéphane FOUÉRÉ,et Rafika BAGHOU,Divers gauche,Sarthe - 1ère,1.51%
Pierre Nicolas Bapt,et Véronique Barraqué-Onno,Parti radical de gauche,Haute-Garonne - 1ère,7.13%
Laure Miller,et Philippe salmon,Ensemble !,Marne - 2ème,21.23%
Sulyvan Ransquin,et Sarah Lempereur,NUPES,Aisne - 2ème,17.66%
Alexandra Dublanche,et Charles-Philippe Mourgues,Les républicains,Yvelines - 5ème,17.90%
Oscar Castillo-Mendegris,et Stéphanie Joly,Les républicains,Haute-Garonne - 1ère,3.73%
Frederic CAUDERLIER,et Josephine fossaert,Ensemble !,Nord - 5ème,24.56%
Gilles Joviado,et Monique Falères,Divers gauche,Haute-Garonne - 2ème,6.95%
Philippe LAURENT,et Saïd Ait-Ouaraz,Union des démocrates et des indépendants,Hauts-De-Seine - 13ème,16.49%
Sadowski Ewa,et Benjamin Duprat,Rassemblement National,Haute-Garonne - 4ème,7.16%
Jean-Claude LASSALLE,et Thierry KOVACS,Les républicains,Isere - 8ème,20.89%
Thomas BARKATS,et Audrey BIBOLLET,Rassemblement National,Haute-Garonne - 9ème,14.22%
Viviane Thivent,et Francis Taurand,NUPES,Aude - 2ème,20.94%
Paul Rumler,et Marie-Pierre GLEIZES,Divers gauche,Haute-Garonne - 9ème,4.91%
Sarah Fraincart,et Mohamed Zahouani,NUPES,Aube - 2ème,16.89%
Sébastien Huyghe,et Laure Bazan,Les républicains,Nord - 5ème,17.51%
Aude BATTISTELLA,et Hugues Arnaud,Reconquête,Haute-Garonne - 1ère,4.70%
Frédéric LUNEL,et Lydia Hamonou-Boiroux,Divers gauche,Sarthe - 5ème,9.32%
Gilles Loyez,et Véronique VELTER,NUPES,Ardennes - 2ème,19.06%
NATHALIE Coutenet,et Chantal Cardi,Divers centre,Bouches-Du-Rhone - 10ème,2.00%
Bertrand SERP,et Caroline Adoue-Bielsa,Les républicains,Haute-Garonne - 4ème,8.80%
Kader Chekhemani,et Charlotte Goujon ( Maire du Petit-Quevilly ),Divers gauche,Seine-Maritime - 3ème,11.01%
Charles Campo,et Kevin Gautier,Droite souverainiste,Haute-Garonne - 2ème,1.04%
Elisabeth Piotelat,et Pablo Martin-Gomez,Divers,Essonne - 6ème,1.10%
Marc Quinton,et Wolfgang MAHLE,Divers gauche,Haute-Garonne - 6ème,0.77%
Didier FREVILLE,et Valentine FREY,Divers centre,Aube - 3ème,0.80%
David Saforcada,et Nesrine Briki,Divers,Haute-Garonne - 3ème,0.21%
Pauline Lorans,et Nathalie brouat,Reconquête,Haute-Garonne - 2ème,4.34%
Adeline Guibert,et Bruce Laravine,Divers,Haute-Garonne - 2ème,0.45%
Theodore Babarit,et Ludovic Gelot,Divers Ecologistes,Vendee - 4ème,5.79%
Amélie THEROND KERAUDREN,et Pascal ROY,Union des démocrates et des indépendants,Yvelines - 5ème,3.41%
Jean christophe Cheronnet,et Isabelle Menendez,Les républicains,Haute-Garonne - 5ème,3.32%
Sophie PERRIN,et Christophe PINEAU,NUPES,Ardennes - 3ème,14.78%
Nicolas Jeanneté,et Anessa Lahouassa,Divers droite,Paris - 13ème,14.02%
Arnaud DUMONTIER,et Madame Corry NEAU,Les républicains,Oise - 4ème,13.34%
Didier REAULT,et Thierry SANTELLI,Les républicains,Bouches-Du-Rhone - 6ème,8.39%
Sarah Weiss Moessmer,et Martin Meyer,Régionalistes,Bas-Rhin - 5ème,8.44%
Véronique Baude,et Jean-Yves Hedon,Les républicains,Ain - 3ème,17.98%
Gael Briand,et Patricia Riou,Régionalistes,Morbihan - 5ème,3.31%
Younès Benslimane,et Matthieu Escande,Divers gauche,Haute-Garonne - 9ème,0.81%
Pierre Beyssac,et Duncan Frénéhard,Divers,Paris - 9ème,1.17%
Jérémy BIZET,et Dominique JULIEN-LABRUYERE,Divers Ecologistes,Yvelines - 2ème,4.63%
Marylène Faure,et Samuel Cazaux,NUPES,Gironde - 8ème,18.84%
Alexis Chaussalet,et Nadine Marée,NUPES,La Reunion - 3ème,16.57%
Ophélie Van-elsuwe,et Didier CARON,Ensemble !,Oise - 7ème,13.88%
Hadrien Laurent,et Annie Sommier,Parti radical de gauche,Hauts-De-Seine - 2ème,2.68%
Mohamed Assamti,et Melissa ARRAULT,NUPES,Oise - 4ème,17.67%
Corinne DANGAS,et Paul Kempf,Divers,Hauts-De-Seine - 1ère,0.15%
Anaïs Jalouneix,et Yves Cozzoli,Divers gauche,Haute-Garonne - 4ème,0.50%
Anissa KHEDHER,et Jean Chanas,Ensemble !,Rhone - 7ème,17.37%
Bertrand Coquard,et Sylvie d’Esteves,Union des démocrates et des indépendants,Yvelines - 3ème,14.73%
Dimitri BREINER,et Vincent Noureau,Divers,Haut-Rhin - 6ème,0.37%
Anne Grieu,et Denis Schmidt,Divers,Haute-Garonne - 5ème,0.92%
François CHEREAU,et Alexandra CAVAILLES MORENO,Divers Ecologistes,Loir-Et-Cher - 2ème,1.94%
Samy Ahmed-Yahia,et Isabelle Daubard,NUPES,Bas-Rhin - 8ème,9.86%
Valentin Plichon,et François Mauviard,Divers,Bas-Rhin - 3ème,0.57%
Elsa Denferd,et Rémy Dauvergne,NUPES,Allier - 3ème,19.53%
Matthieu Ploquin,et Charles Dupoiron,Divers gauche,Ille-Et-Vilaine - 3ème,1.23%
aurane reihanian,et pierre larrieu,Divers droite,Ain - 4ème,16.07%
Frédéric Mesguich,et Maeli Barennes,Divers Ecologistes,Loire-Atlantique - 4ème,1.14%
Philippe Benassaya,et Marie-Claude Duchein,NUPES,Alpes-Maritimes - 5ème,17.73%
Catherine Simonin,et Damien Audouy,Ensemble !,Tarn-Et-Garonne - 1ère,17.33%
Guillaume DUCROT,et Diane DECROUX,Divers droite,Haute-Savoie - 5ème,5.14%
Matthias Prodhomme,et Marion Dubrulle,Divers droite,Loire-Atlantique - 4ème,0.06%
Xavier Brunschvicg,et Stéphane RIZZO,Parti radical de gauche,Calvados - 5ème,4.45%
Philippe Benassaya,et Nicolas Dainville,Les républicains,Yvelines - 11ème,18.10%
François Péguillet,et Typhaine Leforestier,Les républicains,Seine-Saint-Denis - 1ère,2.43%
Thierry HORY,et Anne Marie LINDEN GUESDON,Les républicains,Moselle - 2ème,14.47%
Fabienne Labrette ménager,et Olivier Sasso,Les républicains,Sarthe - 1ère,17.44%
Rodolph Castel,et Genevieve Mazuel,Divers gauche,Bouches-Du-Rhone - 11ème,0.99%
christophe Aubin,et Louise Abdul Denoo,Divers,Yvelines - 11ème,2.04%
Denis Le Bars,et Florent Moreau,Divers droite,Vendee - 4ème,4.76%
MARC FRIEDRICH,et FLORSCH Michel,Les républicains,Moselle - 6ème,9.78%
Amandine Bonifacio,et Daniel Traché,NUPES,Pas-De-Calais - 9ème,15.98%
JACQUES VIALETTES,et ERIC LAFFARGUE,Parti radical de gauche,Lot-Et-Garonne - 3ème,2.24%
Bruno Lafeuille,et France ANDRIGHETTO,Droite souverainiste,Isere - 1ère,0.86%
Christelle Bellay,et Thomas Saint-Laurent,Droite souverainiste,Ardennes - 2ème,1.01%
Stanislas THIRY,et Patricia VIALENCHE,Divers centre,Herault - 8ème,1.09%
Olivier Damaisin,et Farah Haminadi,Ensemble !,Lot-Et-Garonne - 3ème,20.15%
Sophie DELONG,et Antoine ROYER,Les républicains,Haute-Marne - 1ère,13.42%
Roch Brancour,et Maryline LÉZÉ,Les républicains,Maine-Et-Loire - 1ère,10.23%
Florie Marie,et Thibault Dalichamps,Divers,Essonne - 7ème,0.89%
Florian SAMIEZ,et Paul GALIBERT,Divers,Hauts-De-Seine - 12ème,0.58%
Laurence Martin,et Yves Guizard,Les républicains,Pyrenees-Orientales - 3ème,5.80%
Patrick LOISEAU,et TESSON Brigitte,Divers centre,Vendee - 2ème,3.98%
Jean-Luc Bergeon,et Maurel Ginette,Divers gauche,Herault - 3ème,9.36%
Céline Sauvêtre,et Valentin Rondeau,NUPES,Vendee - 4ème,17.58%
Morgane Rengard,et Charles-harris Dussaux,NUPES,Pas-De-Calais - 2ème,22.48%
Sophie Simonnet,et Myriam Letellier,Divers droite,Calvados - 1ère,13.87%
Marina Lafay,et Corduan Guilalume,Divers gauche,Bas-Rhin - 4ème,0.60%
Nolwenn Le Gac,et Nicolas Le Gland,Divers,Paris - 11ème,1.18%
Michel FLAHAUT,et Jocelyne CIESLAK,Divers gauche,Pas-De-Calais - 1ère,3.98%
Vincent Rivet-Martel,et Yvonne Quintino,Divers,Herault - 1ère,2.90%
Rabbi KOKOLO,et Salima GUEDOUAR,NUPES,Sarthe - 5ème,19.75%
Ewann Gavard,et Antoine Tissier,Divers,Nord - 4ème,0.42%
Bruno Chevalier,et Dominique Renoux,Divers gauche,Loire-Atlantique - 4ème,4.65%
Francis Daspe,et Sylvie VENTURA-CID,NUPES,Pyrenees-Orientales - 1ère,23.63%
Jérôme Garcia,et Christian Vasselin,Les républicains,Nord - 10ème,3.05%
Jérôme Pous,et Emmanuelle Fratani,NUPES,Pyrenees-Orientales - 4ème,20.79%
Grégory Berthault,et Clarisse Kalachnikoff,Divers Ecologistes,Val-D'oise - 4ème,5.93%
Stephane Ledez,et Eddy Baheu,Sans étiquette,Nord - 15ème,2.99%
Aymeric Delefosse,et Romain Durrieux,Divers,Yvelines - 11ème,1.02%
